wall_half_widths,wall_distance_m,negative_count,lowest_eigenvalue,certificate
0.12,0.042294,0,0.0048088533418765836,6.633942192746573e-07
0.2,0.07049,1,-7606.674743196138,0.0018531765869976027
0.16,0.056392,1,-591.4153578493388,0.00141431928056886
0.14,0.049343000000000005,0,0.004808831936732139,6.598650778116255e-07
0.15000000000000002,0.052867500000000005,0,0.004808667001751093,6.479821014418716e-07
0.15500000000000003,0.054629750000000005,1,-143.5682889911399,0.0014758989299205195
0.15250000000000002,0.05374862500000001,1,-17.398502040480853,0.0012931685066066598
0.15125000000000002,0.0533080625,0,0.004808339798500972,6.988338780945549e-07
0.15187500000000004,0.05352834375000001,0,0.004805812575480362,2.138711737004719e-06
critical,0.15187500000000004,0.15250000000000002,,
