external_iota_fraction,normalized_vertical_margin
   0.0000000000000000E+00,  -2.0000000000000000E+00
   2.5000000000000001E-02,  -1.8750000000000000E+00
   5.0000000000000003E-02,  -1.7500000000000000E+00
   7.4999999999999997E-02,  -1.6250000000000000E+00
   1.0000000000000001E-01,  -1.5000000000000000E+00
   1.2500000000000000E-01,  -1.3750000000000000E+00
   1.4999999999999999E-01,  -1.2500000000000000E+00
   1.7499999999999999E-01,  -1.1250000000000000E+00
   2.0000000000000001E-01,  -1.0000000000000000E+00
   2.2500000000000001E-01,  -8.7500000000000000E-01
   2.5000000000000000E-01,  -7.5000000000000000E-01
   2.7500000000000002E-01,  -6.2500000000000000E-01
   2.9999999999999999E-01,  -5.0000000000000000E-01
   3.2500000000000001E-01,  -3.7500000000000000E-01
   3.4999999999999998E-01,  -2.5000000000000000E-01
   3.7500000000000000E-01,  -1.2500000000000000E-01
   4.0000000000000002E-01,   0.0000000000000000E+00
   4.2499999999999999E-01,   1.2500000000000000E-01
   4.5000000000000001E-01,   2.5000000000000000E-01
   4.7499999999999998E-01,   3.7500000000000000E-01
   5.0000000000000000E-01,   5.0000000000000000E-01
   5.2500000000000002E-01,   6.2500000000000000E-01
   5.5000000000000004E-01,   7.5000000000000000E-01
   5.7499999999999996E-01,   8.7500000000000000E-01
   5.9999999999999998E-01,   1.0000000000000000E+00
   6.2500000000000000E-01,   1.1250000000000000E+00
   6.5000000000000002E-01,   1.2500000000000000E+00
   6.7500000000000004E-01,   1.3750000000000002E+00
   6.9999999999999996E-01,   1.4999999999999998E+00
   7.2499999999999998E-01,   1.6250000000000000E+00
   7.5000000000000000E-01,   1.7500000000000000E+00
   7.7500000000000002E-01,   1.8750000000000000E+00
   8.0000000000000004E-01,   2.0000000000000000E+00
   8.2499999999999996E-01,   2.1250000000000000E+00
   8.4999999999999998E-01,   2.2500000000000000E+00
   8.7500000000000000E-01,   2.3750000000000000E+00
   9.0000000000000002E-01,   2.5000000000000000E+00
   9.2500000000000004E-01,   2.6250000000000000E+00
   9.4999999999999996E-01,   2.7500000000000000E+00
   9.7499999999999998E-01,   2.8750000000000000E+00
   1.0000000000000000E+00,   3.0000000000000000E+00
