angle_rad,slow_s_minus2,alfven_s_minus2,fast_s_minus2
   0.0000000000000000E+00,   8.3333333333333328E+04,   3.9788735772973823E+05,   3.9788735772973823E+05
   3.9269908169872414E-02,   8.3170944554586764E+04,   3.9727408076189412E+05,   3.9804974650848482E+05
   7.8539816339744828E-02,   8.2685777671102056E+04,   3.9543803091480356E+05,   3.9853491339196952E+05
   1.1780972450961724E-01,   8.1883763931987240E+04,   3.9239052804632293E+05,   3.9933692713108438E+05
   1.5707963267948966E-01,   8.0774570568443538E+04,   3.8815036102503334E+05,   4.0044612049462803E+05
   1.9634954084936207E-01,   7.9371291993256629E+04,   3.8274367189062003E+05,   4.0184939906981494E+05
   2.3561944901923448E-01,   7.7690051665138861E+04,   3.7620379467950301E+05,   4.0353063939793268E+05
   2.7488935718910690E-01,   7.5749542980757193E+04,   3.6857104990941886E+05,   4.0547114808231418E+05
   3.1415926535897931E-01,   7.3570538765892779E+04,   3.5989249599002034E+05,   4.0765015229717875E+05
   3.5342917352885173E-01,   7.1175396994364128E+04,   3.5022163909213245E+05,   4.1004529406870739E+05
   3.9269908169872414E-01,   6.8587586073849568E+04,   3.3961810326441686E+05,   4.1263310498922179E+05
   4.3196898986859650E-01,   6.5831247408034178E+04,   3.2814726283128525E+05,   4.1538944365503738E+05
   4.7123889803846897E-01,   6.2930806946097386E+04,   3.1587983933844912E+05,   4.1828988411697425E+05
   5.1050880620834138E-01,   5.9910641835369708E+04,   3.0289146553107392E+05,   4.2131004922770185E+05
   5.4977871437821380E-01,   5.6794803599570369E+04,   2.8926221905275492E+05,   4.2442588746350107E+05
   5.8904862254808621E-01,   5.3606795703053220E+04,   2.7507612874021544E+05,   4.2761389536001836E+05
   6.2831853071795862E-01,   5.0369400945449808E+04,   2.6042065655758575E+05,   4.3085129011762177E+05
   6.6758843888783104E-01,   4.7104552733372235E+04,   2.4538615836431077E+05,   4.3411613832969911E+05
   7.0685834705770345E-01,   4.3833243696229474E+04,   2.3006532684123039E+05,   4.3738744736684213E+05
   7.4612825522757587E-01,   4.0575465133082325E+04,   2.1455262000937766E+05,   4.4064522592998925E+05
   7.8539816339744828E-01,   3.7350171194802322E+04,   1.9894367886486911E+05,   4.4387051986826921E+05
   8.2466807156732069E-01,   3.4175262353373007E+04,   1.8333473772036069E+05,   4.4704542870969849E+05
   8.6393797973719300E-01,   3.1067583461126742E+04,   1.6782203088850793E+05,   4.5015310760194494E+05
   9.0320788790706552E-01,   2.8042932468402410E+04,   1.5250119936542743E+05,   4.5317775859466911E+05
   9.4247779607693793E-01,   2.5116076591982928E+04,   1.3746670117215248E+05,   4.5610461447108857E+05
   9.8174770424681035E-01,   2.2300773376889287E+04,   1.2281122898952290E+05,   4.5891991768618231E+05
   1.0210176124166828E+00,   1.9609794656529062E+04,   1.0862513867698330E+05,   4.6161089640654251E+05
   1.0602875205865552E+00,   1.7054951888447082E+04,   9.4995892198664427E+04,   4.6416573917462456E+05
   1.0995574287564276E+00,   1.4647121729820054E+04,   8.2007518391289224E+04,   4.6657356933325139E+05
   1.1388273369263000E+00,   1.2396271027061033E+04,   6.9740094898453099E+04,   4.6882442003601044E+05
   1.1780972450961724E+00,   1.0311480637759993E+04,   5.8269254465321370E+04,   4.7090921042531158E+05
   1.2173671532660448E+00,   8.4009676911812094E+03,   4.7665718637605838E+04,   4.7281972337189032E+05
   1.2566370614359172E+00,   6.6721060355200570E+03,   3.7994861739717948E+04,   4.7454858502755151E+05
   1.2959069696057897E+00,   5.1314447248780334E+03,   2.9316307820319369E+04,   4.7608924633819342E+05
   1.3351768777756621E+00,   3.7847244740044280E+03,   2.1683563050235214E+04,   4.7743596658906713E+05
   1.3744467859455345E+00,   2.6368920606107577E+03,   1.5143685839118261E+04,   4.7858379900246073E+05
   1.4137166941154069E+00,   1.6921126886941349E+03,   9.7369967047049431E+03,   4.7952857837437745E+05
   1.4529866022852793E+00,   9.5378034601781133E+02,   5.4968296834154171E+03,   4.8026691071705380E+05
   1.4922565104551517E+00,   4.2452619805842158E+02,   2.4493268149345504E+03,   4.8079616486501304E+05
   1.5315264186250241E+00,   1.0622506201445330E+02,   6.1327696784416912E+02,   4.8111446600105707E+05
   1.5707963267948966E+00,   0.0000000000000000E+00,   2.5834277123904590E-28,   4.8122069106307160E+05
